{"TI18": {"1": 1.8788156664817384, "2": 1.7681314474228078, "5": 2.0198145093115185, "7": 1.8573527633503721, "8": 1.6740698172852255, "9": 1.841961954684129, "10": 1.8962208873104773, "15": 1.9278810641264221, "16": 1.8500752755664027, "17": 1.8731734988366298, "18": 1.8722603360630639, "20": 1.951940097640072, "21": 1.8654724295376621, "23": 1.933845850960744, "24": 1.815521678613196, "25": 1.8613430109672584, "26": 2.1502378419393504, "28": 1.7937760135823493, "29": 1.7822914458500674, "31": 1.832906476362767, "32": 1.9327579880754182, "33": 1.8930956854459344, "34": 1.953732498367762, "36": 1.9278128475977385, "37": 1.7781190519277037, "39": 1.8657284582950016, "40": 1.9129899324891233, "41": 1.605229825657577, "42": 1.7096898826675206, "44": 1.772411196058933, "45": 1.8196350656272786, "47": 1.7785955658193668, "48": 1.7945783197680512, "49": 1.5185935146192473, "50": 1.6269249229217548, "52": 1.6265706877074324, "53": 1.6907369032998072, "55": 1.6591717491932445, "56": 1.6700984110266095, "57": 1.651449071712147, "58": 1.587893023328279, "60": 1.6367552015330156, "61": 1.4831744452236386, "63": 1.5748859044125814, "64": 1.6542828960004605, "65": 1.772579806948402, "66": 1.5899758438939067, "68": 1.5437194681544955, "69": 1.637614977867121, "71": 1.68074995814586, "72": 1.75598382994002, "73": 1.8474893434680104, "74": 1.6068551992958209, "76": 1.7692534606805919, "77": 1.7692276458810474, "79": 1.9059532351175226, "80": 1.8031923873889786}, "laser": {"1": 0.7485216697023382, "2": 0.6237680580852816, "5": 0.8108984755108661, "7": 0.7485216697023374, "8": 0.6861448638938095, "9": 0.6861448638938095, "10": 0.6237680580852807, "15": 0.6237680580852816, "16": 0.6861448638938104, "17": 0.8108984755108661, "18": 0.6861448638938095, "20": 0.7485216697023378, "21": 0.6861448638938104, "23": 0.49901444646822535, "24": 0.43663764065969746, "25": 0.49901444646822446, "26": 0.4990144464682249, "28": 0.436637640659697, "29": 0.49901444646822535, "31": 0.43663764065969657, "32": 0.5613912522767537, "33": 0.7485216697023382, "34": 0.8108984755108661, "36": 0.6861448638938095, "37": 0.6861448638938095, "39": 0.6861448638938099, "40": 0.8108984755108666, "41": 1.0604056987449795, "42": 0.9356520871279224, "44": 0.9980288929364503, "45": 0.8732752813193945, "47": 0.8108984755108661, "48": 0.6861448638938095, "49": 0.5613912522767532, "50": 0.5613912522767532, "52": 0.6237680580852811, "53": 0.43663764065969746, "55": 0.4990144464682249, "56": 0.436637640659697, "57": 0.6237680580852811, "58": 0.4990144464682258, "60": 0.43663764065969746, "61": 0.5613912522767528, "63": 0.436637640659697, "64": 0.436637640659697, "65": 0.9356520871279219, "66": 0.8108984755108661, "68": 0.873275281319394, "69": 0.8108984755108661, "71": 0.873275281319394, "72": 0.9980288929364507, "73": 0.4990144464682258, "74": 0.4990144464682249, "76": 0.4990144464682258, "77": 0.4366376406596961, "79": 0.5613912522767528, "80": 0.6237680580852816}}