{"TI18": {"1": 1.8969829478926328, "2": 1.7373649329767176, "5": 1.9818038367642534, "7": 1.7795621101292445, "8": 1.8056111137161448, "9": 1.8418528841858868, "10": 1.791084769485112, "12": 1.6238688813899813, "13": 1.7736073098620193, "15": 1.903178898764863, "16": 1.8043252584515357, "17": 1.7254071733160532, "18": 1.7799153361290698, "20": 1.9772904919808063, "21": 1.9281863435596136, "23": 1.7768249918185752, "24": 1.741811325814866, "25": 1.7632628186981218, "26": 2.0063626448531786, "28": 1.8336221051849235, "29": 1.8124297572086228, "31": 1.8500073447250789, "32": 1.83474686403036, "33": 1.863477586489696, "34": 1.953866573912913, "36": 1.9278128475977385, "37": 1.7349213941598105, "39": 1.8645081189310488, "40": 1.8142213106900664, "41": 1.6716545170044275, "42": 1.7400335559362028, "44": 1.767411518535409, "45": 1.883683466354277, "47": 2.0188948399407294, "48": 1.7006719491242328, "49": 1.5274519622192824, "50": 1.7340490625747718, "52": 1.6138486363121136, "53": 1.662500754742372, "55": 1.6529272159199437, "56": 1.6549913635623863, "57": 1.6251643079136433, "58": 1.5648823251103456, "60": 1.6387100663043332, "61": 1.476387482006915, "63": 1.6737901520586265, "64": 1.6556317503213251, "65": 1.6687307018477648, "66": 1.6867817155726894, "68": 1.6180249638574584, "69": 1.6096408089581808, "71": 1.624922212264613, "72": 1.6408065201886959, "73": 1.8436636195874685, "74": 1.6008681424875533, "76": 1.8548617568737331, "77": 1.819043106354359, "79": 1.7923882549006487, "80": 1.7936304218145667}, "laser": {"1": 0.873275281319394, "2": 0.6861448638938099, "5": 0.6861448638938099, "7": 0.8108984755108659, "8": 0.7485216697023378, "9": 0.6861448638938097, "10": 0.6237680580852814, "12": 0.7485216697023378, "13": 0.8108984755108659, "15": 0.6861448638938099, "16": 0.5613912522767535, "17": 0.6237680580852814, "18": 0.6237680580852814, "20": 0.7485216697023378, "21": 0.6237680580852814, "23": 0.5613912522767535, "24": 0.6861448638938099, "25": 0.6861448638938096, "26": 0.6861448638938097, "28": 0.6237680580852817, "29": 0.6861448638938098, "31": 0.7485216697023378, "32": 0.5613912522767533, "33": 0.6237680580852817, "34": 0.7485216697023379, "36": 0.8108984755108661, "37": 0.7485216697023378, "39": 0.748521669702338, "40": 0.6861448638938099, "41": 0.7485216697023379, "42": 0.6237680580852815, "44": 0.6861448638938098, "45": 0.6861448638938097, "47": 0.7485216697023379, "48": 0.5613912522767535, "49": 0.4366376406596971, "50": 0.8108984755108661, "52": 0.8732752813193942, "53": 0.6237680580852816, "55": 0.5613912522767533, "56": 0.810898475510866, "57": 0.810898475510866, "58": 0.6237680580852814, "60": 0.6861448638938097, "61": 0.9356520871279221, "63": 0.7485216697023376, "64": 0.7485216697023378, "65": 0.5613912522767535, "66": 0.6861448638938097, "68": 0.6237680580852811, "69": 0.7485216697023378, "71": 0.7485216697023382, "72": 0.7485216697023382, "73": 0.8108984755108661, "74": 0.6861448638938095, "76": 0.7485216697023378, "77": 0.8732752813193945, "79": 0.6861448638938099, "80": 0.7485216697023378}}